ArrivalDate,Immatriculation,Marque,Modele,Couleur,Kilometrage,Tasks
05/06/2023,XT-655-ML,VOLVO,FM,JAUNE,20,Niveau d'huile:1 Mois:05-06-2023:04-07-2023|Vidange:1 Mois:05-06-2023:04-07-2023|Assurance:2 Années:05-06-2023:04-06-2025
06/06/2023,AF-123-GH,MERCEDES,ACTROS,ROUGE,15,Niveau d'huile:1 Mois:06-06-2023:05-07-2023|Vidange:1 Mois:06-06-2023:05-07-2023|Assurance:2 Années:06-06-2023:05-06-2025
07/06/2023,BH-456-IJ,MAN,TGX,BLEU,10,Niveau d'huile:1 Jour:07-06-2023:08-06-2023|Vidange:1 Mois:07-06-2023:06-07-2023|Assurance:2 Années:07-06-2023:06-06-2025
08/06/2023,CH-789-JK,DAF,XF,VERT,5,Niveau d'huile:1 Jour:08-06-2023:09-06-2023|Vidange:1 Mois:08-06-2023:07-07-2023|Assurance:2 Années:08-06-2023:07-06-2025
09/06/2023,DH-123-KL,IVECO,STRALIS,NOIR,30,Niveau d'huile:1 Jour:09-06-2023:10-06-2023|Vidange:1 Mois:09-06-2023:08-07-2023|Assurance:2 Années:09-06-2023:08-06-2025
10/06/2023,EH-456-LM,RENAULT TRUCKS,T, BLANC,25,Niveau d'huile:1 Jour:10-06-2023:11-06-2023|Vidange:1 Mois:10-06-2023:09-07-2023|Assurance:2 Années:10-06-2023:09-06-2025
11/06/2023,FH-789-MN,SCANIA,R SERIES,GRIS,20,Niveau d'huile:1 Jour:11-06-2023:12-06-2023|Vidange:1 Mois:11-06-2023:10-07-2023|Assurance:2 Années:11-06-2023:10-06-2025
12/06/2023,GH-123-NP,VOLVO,FH,NOIR,15,Niveau d'huile:1 Jour:12-06-2023:13-06-2023|Vidange:1 Mois:12-06-2023:11-07-2023|Assurance:2 Années:12-06-2023:11-06-2025
13/06/2023,IH-456-OP,MERCEDES,AROCS,ROUGE,10,Niveau d'huile:1 Jour:13-06-2023:14-06-2023|Vidange:1 Mois:13-06-2023:12-07-2023|Assurance:2 Années:13-06-2023:12-06-2025
14/06/2023,JH-789-PQ,MAN,TGS,BLEU,35,Niveau d'huile:1 Jour:14-06-2023:15-06-2023|Vidange:1 Mois:14-06-2023:13-07-2023|Assurance:2 Années:14-06-2023:13-06-2025
15/06/2023,KH-123-QR,DAF,CF,VERT,20,Niveau d'huile:1 Jour:15-06-2023:16-06-2023|Vidange:1 Mois:15-06-2023:14-07-2023|Assurance:2 Années:15-06-2023:14-06-2025
16/06/2023,LH-456-RS,IVECO,EUROCARGO,BLANC,15,Niveau d'huile:1 Jour:16-06-2023:17-06-2023|Vidange:1 Mois:16-06-2023:15-07-2023|Assurance:2 Années:16-06-2023:15-06-2025
17/06/2023,MH-789-ST,RENAULT TRUCKS,K,NOIR,10,Niveau d'huile:1 Jour:17-06-2023:18-06-2023|Vidange:1 Mois:17-06-2023:16-07-2023|Assurance:2 Années:17-06-2023:16-06-2025
18/06/2023,NH-123-TU,SCANIA,S SERIES,ROUGE,5,Niveau d'huile:1 Jour:18-06-2023:19-06-2023|Vidange:1 Mois:18-06-2023:17-07-2023|Assurance:2 Années:18-06-2023:17-06-2025
19/06/2023,OH-456-UV,VOLVO,FL,GRIS,30,Niveau d'huile:1 Jour:19-06-2023:20-06-2023|Vidange:1 Mois:19-06-2023:18-07-2023|Assurance:2 Années:19-06-2023:18-06-2025
